Código;enunciado;alternativas;disciplina;topico;topico_id;score_similaridade;metodo_classificacao;confianca
TJAP22-1;A empresa XYWZ, com sede no Estado do Amapá, há alguns anos enfrentava dificuldades financeiras e passou a não realizar o pagamento de dívidas que já acumulavam um passivo maior do que o seu ativo. Com a pandemia, a situação se agravou ainda mais e a empresa encerrou suas atividades às pressas, sem comunicar aos órgãos competentes. Diante da inadimplência da empresa, seus credores, incluindo o fisco, entraram em juízo e solicitaram a desconsideração da personalidade jurídica. Atento à jurisprudência do Superior Tribunal de Justiça, o magistrado deve considerar, no caso, que:;"(A) para a desconsideração da personalidade jurídica basta a caracterização do estado de insolvência da empresa; | (B) caso a empresa participasse de grupo econômico, haveria a desconsideração da personalidade jurídica; | (C) a dissolução irregular é suficiente, por si só, para o implemento da desconsideração da personalidade jurídica, com base no Art. 50 do Código Civil; | (D) presume-se dissolvida irregularmente a empresa que deixar de funcionar no seu domicílio fiscal, sem comunicação aos órgãos competentes; | (E) tratando-se de regra que importa na ampliação do princípio da autonomia patrimonial da pessoa jurídica, a interpretação que melhor se coaduna com o Art. 50 do Código Civil é a de que, diante do encerramento irregular das atividades, a pessoa jurídica tenha sido instrumento para fins fraudulentos.";DIREITO CIVIL;Pessoas jurídicas. Personalidade jurídica da pessoa jurídica. Desconsideração.;1;0.60;groq;alta
TJAP22-2;Sobre o contrato de seguro de vida, a jurisprudência do Superior Tribunal de Justiça permite afirmar que:;"(A) a constituição em mora, de que trata o Art. 763 do Código Civil, exige prévia interpelação e, portanto, a mora no contrato de seguro de vida é ex persona; | (B) o pagamento de indenização prevista em contrato de seguro de vida é dispensado no caso de embriaguez do segurado; | (C) os contratos de seguro de vida cobrem a hipótese de suicídio desde o início da contratação; | (D) o atraso no pagamento do prêmio pelo segurado, independentemente da sua constituição em mora pela seguradora, implica a suspensão automática do contrato de seguro de vida; | (E) nos contratos de seguro regidos pelo Código Civil, a correção monetária sobre indenização securitária incide desde a ocorrência do sinistro até o efetivo pagamento.";DIREITO CIVIL;Contratos em espécie. Compra e venda. Troca ou permuta. Contrato Estimatório. Doação. Locação de coisas. Locação de imóveis. Empréstimo: comodato e mútuo. Prestação de serviço. Empreitada. Depósito. Mandato. Comissão. Agência e distribuição. Corretagem. Transporte. Seguro. Constituição de renda. Jogo e aposta. Fiança. Transação. Compromisso.;3;0.56;groq;alta
TJAP22-3;No que tange ao superendividamento, é correto afirmar que:;"(A) a Lei nº 14.181/2021, também conhecida como Lei do Superendividamento, estabeleceu um percentual de inadimplência de 30% dos débitos para que o consumidor seja considerado superendividado; | (B) as normas protetivas em relação ao superendividamento dos artigos 54-A a 54-G do Código de Defesa do Consumidor (CDC) se aplicam em relação à aquisição ou à contratação de produtos e serviços de luxo de alto valor; | (C) a doutrina e a jurisprudência classificam o consumidor superendividado ativo como aquele que se endivida por questões alheias ao seu controle como, por exemplo, em razão de circunstâncias de desemprego; | (D) a Lei nº 14.181/2021 inseriu como nova proibição na oferta de crédito ao consumidor a indicação de que a operação de crédito poderá ser concluída sem consulta a serviços de proteção ao crédito ou sem avaliação da situação financeira do consumidor; | (E) o superendividamento é um fenômeno multidisciplinar que repercute na sociedade de consumo de massa. As dívidas alimentícias corroboram significativamente para o agravamento desse fenômeno, tendo em vista diminuírem a capacidade de adimplemento do consumidor.";DIREITO CIVIL;Direito do consumidor. Consumidor. Fornecedor. Direitos básicos do consumidor. Qualidade de produtos e serviços. Prevenção e reparação dos danos. Defesa do consumidor em juízo.;2;0.59;groq;alta
TJAP22-4;Pedro (comodante) celebrou contrato de comodato com Maria (comodatária), tendo por objeto um imóvel de sua propriedade para que ela residisse com sua família pelo prazo de 12 meses. Findo esse prazo, Maria permaneceu no imóvel alegando não ter condições de realizar a sua mudança, que somente veio a se concretizar 6 meses depois. Considerando o caso hipotético, é correto afirmar que:;"(A) a negativa de Maria de sair do imóvel não gera automaticamente a mora ex re e depende de interpelação judicial ou extrajudicial por Pedro; | (B) a justificativa apresentada por Maria para permanecer no imóvel após o termo final do contrato de comodato descaracteriza a posse injusta e o esbulho possessório; | (C) Maria deverá pagar aluguel a Pedro após o termo final do contrato de comodato pelo prazo de 6 meses; | (D) o contrato de comodato passou a vigorar por prazo indeterminado, já que Pedro não realizou a interpelação judicial ou extrajudicial de Maria; | (E) após o termo final do contrato de comodato, como Maria permaneceu no imóvel, o contrato será considerado de locação e Pedro deverá ingressar com ação de despejo.";DIREITO CIVIL;Contratos em espécie. Compra e venda. Troca ou permuta. Contrato Estimatório. Doação. Locação de coisas. Locação de imóveis. Empréstimo: comodato e mútuo. Prestação de serviço. Empreitada. Depósito. Mandato. Comissão. Agência e distribuição. Corretagem. Transporte. Seguro. Constituição de renda. Jogo e aposta. Fiança. Transação. Compromisso.;1;0.48;groq;alta
TJAP22-5;Mário é viúvo e, após sérias desavenças com sua única parente e irmã, Adalberta, resolve deixar seus bens para o amigo de infância Roberto. Para tanto, elabora testamento público. Considerando a situação hipotética, é correto afirmar que:;"(A) Mário somente poderá revogar o testamento público por outro testamento público; | (B) apesar de o testamento de Mário ser público, é sigiloso; | (C) caso Mário tenha a sua incapacidade supervenientemente declarada, o testamento será inválido; | (D) a disposição testamentária é válida, pois os colaterais são herdeiros facultativos; | (E) o testamento de Mário poderá ser impugnado no prazo de dez anos contados da data do registro. Tribunal de Justiça do Estado do Amapá FGV Conhecimento Juiz de Direito Substituto  Tipo 1 - Branca – Página 4";DIREITO CIVIL;Aspectos gerais do direito de família e das sucessões. Casamento. União estável. Repercussões previdenciárias. Relações de parentesco. Regime de bens entre os cônjuges e os companheiros. Bem de família. Tutela. Curatela. Sucessão em geral: sucessão legítima e testamentária.;4;0.55;groq;alta
TJAP22-6;Jurema, ao conduzir o seu veículo por uma estrada de mão dupla, é surpreendida com um carro na contramão e em alta velocidade dirigido por Maurício. Para se esquivar de uma possível colisão, Jurema realiza manobra vindo a atropelar Bento, que estava na calçada e sofreu um corte no rosto, o que o impediu de realizar um ensaio fotográfico como modelo profissional. Considerando a situação hipotética, é correto afirmar que Jurema:;"(A) praticou ato ilícito e deverá indenizar Bento; | (B) agiu em estado de necessidade e não deverá indenizar Bento, pois o ato é lícito; | (C) agiu em estado de necessidade e deverá indenizar Bento, apesar do ato ser lícito; | (D) e Maurício devem indenizar Bento, pois praticaram atos ilícitos; | (E) praticou ato ilícito e deve indenizar Bento, mas não poderá ingressar com ação de regresso em face de Maurício.";DIREITO CIVIL;Responsabilidade civil. Elementos. Responsabilidade por fato de outrem. Responsabilidade por fato da coisa. Teorias subjetiva e objetiva da responsabilidade civil. Responsabilidade civil nas Relações de Trabalho e Emprego. Dano moral e material. Dano coletivo. Dano estético. Dano à imagem. Indenização. Perda de uma chance. Nexo causal e suas teorias. Liquidação do dano. Responsabilidade pré e pós contratual. Responsabilidade contratual e aquiliana. Excludentes da responsabilidade civil. Boa-fé subjetiva e objetiva.;4;0.52;groq;alta
TJAP22-7;O Banco BPF S/A ajuizou execução por título extrajudicial em face de João Pedro para satisfação de sua dívida. No momento da penhora de um automóvel que cobriria o valor devido, o executado informou que este fora vendido para seu filho, Bernardo. O automóvel se encontra efetivamente na posse de Bernardo, que dele vem se utilizando, e a transferência da propriedade foi registrada administrativamente junto ao Detran. No entanto, o executado não obteve êxito em comprovar o valor supostamente pago pela venda do carro, ficando claro que o negócio jurídico efetivamente celebrado fora uma doação. Diante disso, deve ser reconhecida a:;"(A) nulidade do contrato de compra e venda do carro por simulação relativa objetiva; | (B) anulabilidade do contrato de compra e venda do carro por simulação absoluta; | (C) inexistência do contrato de compra e venda do carro por simulação relativa subjetiva; | (D) nulidade do contrato de compra e venda do carro por simulação absoluta; | (E) anulabilidade do contrato de compra e venda do carro por simulação relativa objetiva.";DIREITO CIVIL;Contratos em espécie. Compra e venda. Troca ou permuta. Contrato Estimatório. Doação.;3;0.58;groq;alta
TJAP22-8;A Lig Suprimentos Ltda. firmou uma confissão de dívida perante a SMA Informática S/A, tendo por objeto a quantia de R$ 150.000,00. Uma das cláusulas da confissão de dívida estabelecia que o pagamento da dívida se daria em data a ser definida por credor e devedor. Com o passar do tempo, a SMA Informática S/A tentou por diversas vezes fixar a data para pagamento, mas a Lig Suprimentos Ltda. nunca concordava. A mencionada cláusula contém uma condição:;"(A) suspensiva simplesmente potestativa; | (B) resolutiva puramente potestativa; | (C) suspensiva contraditória; | (D) resolutiva simplesmente potestativa; | (E) suspensiva puramente potestativa.";DIREITO CIVIL;Obrigações. Modalidade das obrigações. Obrigação natural. Obrigação propter rem. Obrigações alternativas. Obrigações divisíveis e indivisíveis. Obrigações solidárias. Transmissão das obrigações: cessão de crédito e assunção de dívida. Adimplemento e extinção das obrigações. Inadimplemento das obrigações. Mora, perdas e danos, juros legais, cláusula penal, arras ou sinal. Preferências e privilégios creditórios.;2;0.60;groq;alta
TJAP22-9;A empreiteira Cosme Ltda. contratou a Flet Ltda. para que ela lhe desse a perfuratriz modelo SKS que tinha no seu galpão em Santana. Entretanto, outra cláusula do contrato previa a possibilidade acessória de a Flet Ltda. se desincumbir de sua obrigação, se quisesse, entregando à Cosme Ltda. a perfuratriz modelo 1190 que está em seu armazém nos arredores de Macapá. Ocorre que, antes da data marcada para a entrega, uma tempestade atinge Santana e destrói o galpão, inviabilizando a entrega da perfuratriz modelo SKS. Diante disso, a Cosme Ltda. pode exigir:;"(A) somente a entrega da perfuratriz modelo 1190, sem direito a perdas e danos; | (B) a entrega da perfuratriz modelo 1190, com direito a perdas e danos; | (C) o equivalente pecuniário da perfuratriz modelo SKS ou a entrega da perfuratriz modelo 1190; | (D) o equivalente pecuniário da perfuratriz modelo SKS ou a entrega da perfuratriz modelo 1190, com direito a perdas e danos; | (E) somente a resolução do contrato, com devolução de valores eventualmente pagos.";DIREITO CIVIL;Contratos em espécie. Compra e venda. Troca ou permuta. Contrato Estimatório. Doação. Locação de coisas. Locação de imóveis. Empréstimo: comodato e mútuo. Prestação de serviço. Empreitada. Depósito. Mandato. Comissão. Agência e distribuição. Corretagem. Transporte. Seguro. Constituição de renda. Jogo e aposta. Fiança. Transação. Compromisso.;4;0.44;groq;alta
TJAP22-10;Renato, professor universitário, adquiriu um automóvel usado de seu vizinho, Adalberto, corretor de imóveis. Este lhe concedeu dois meses de garantia, iniciada a partir da entrega do bem. Entretanto, três dias depois de expirada a garantia, o veículo pifou na estrada, exigindo de Renato gastos com reboque e conserto. Diante disso, é correto afirmar que:;"(A) Renato nada mais pode pretender em face de Adalberto, pois, tendo em vista a natureza da relação, a garantia contratual afasta a garantia legal; | (B) para pretender a resolução do contrato ou o abatimento do preço, Renato deve provar que o defeito era preexistente ao término do prazo de garantia; | (C) ante a possibilidade de conserto do bem, não pode Renato resolver o contrato por falta do requisito da gravidade do vício, mas pode pleitear abatimento no preço pago; | (D) Renato somente pode pretender indenização dos gastos com reboque e conserto se comprovar que Adalberto agiu de má-fé, pois já sabia do defeito do veículo; | (E) Renato pode optar entre a substituição por outro automóvel, a restituição do preço pago, atualizado monetariamente, ou seu abatimento proporcional. Tribunal de Justiça do Estado do Amapá FGV Conhecimento Juiz de Direito Substituto  Tipo 1 - Branca – Página 5";DIREITO CIVIL;Contratos em espécie. Compra e venda.;4;0.50;groq;alta
TJAP22-11;Marcelo firmou com Reinaldo contrato de locação de imóvel urbano para fins residenciais pelo prazo de dois anos. Na condição de locador, Marcelo poderá reaver o imóvel antes do término do prazo:;"(A) se o pedir para uso próprio, de seu cônjuge ou companheiro, ou para uso residencial de ascendente ou descendente que não disponha, assim como seu cônjuge ou companheiro, de imóvel residencial próprio; | (B) em decorrência de extinção do contrato de trabalho, se a ocupação do imóvel pelo locatário estava relacionada com o seu emprego; | (C) se for pedido para demolição e edificação licenciada ou para a realização de obras aprovadas pelo poder público, que aumentem a área construída em, no mínimo, 20%; | (D) por mútuo acordo, em decorrência da prática de infração legal ou contratual, ou ainda em decorrência da falta de pagamento do aluguel e demais encargos; | (E) para a realização de reparações urgentes determinadas pelo poder público, ainda que possam ser executadas com a permanência do locatário no imóvel.";DIREITO CIVIL;Contratos em espécie. Compra e venda. Troca ou permuta. Contrato Estimatório. Doação. Locação de coisas. Locação de imóveis.;3;0.55;groq;alta
TJAP22-12;Roberval tornou-se síndico do condomínio do edifício Castanheira. Buscando valorizar o imóvel e remediar alguns problemas inconvenientes do edifício, ele precisa realizar certas obras. Quanto a elas, é correto afirmar que:;"(A) as obras necessárias e urgentes que importem em despesas excessivas podem ser realizadas imediatamente pelo síndico, dispensada comunicação à assembleia; | (B) as obras que importarem em despesas excessivas dependem de aprovação em assembleia especial, cuja convocação compete exclusivamente ao síndico; | (C) o condômino que realizar obras não necessárias, mas de interesse comum, será reembolsado das despesas que efetuar; | (D) a realização de obras voluptuárias dependerá de autorização prévia da assembleia, mediante aprovação da maioria dos condôminos; | (E) não são permitidas construções, nas partes comuns, suscetíveis de prejudicar a utilização, por qualquer dos condôminos, das partes próprias ou comuns.";DIREITO CIVIL;Condomínio;Não listado;0.49;groq;baixa
TJAP22-13;Justina, casada há 25 anos, substituiu, por ocasião do casamento civil com Eduardo, um dos seus patronímicos pelo do marido. Ocorre que o sobrenome adotado passou a ser o protagonista de seu nome civil, em prejuízo do patronímico de solteira, o que passou a lhe causar intenso sofrimento, uma vez que sempre fora conhecida pelo sobrenome de seu pai. Tal fato lhe trouxe danos psicológicos, especialmente agora que os últimos familiares que ainda usam o seu sobrenome familiar encontram-se gravemente doentes. Por essas razões, Justina requereu a modificação do seu patronímico, ainda durante a constância da sociedade conjugal, de forma a voltar a utilizar o sobrenome da sua família. O pedido deve ser julgado:;"(A) improcedente, em virtude do princípio da inalterabilidade do nome ser considerado absoluto na constância da sociedade conjugal; | (B) procedente, pois a autonomia privada é uma das exceções à inalterabilidade do nome previstas na Lei de Registros Públicos; | (C) procedente, pela interpretação histórico-evolutiva da inalterabilidade, da preservação da herança familiar, da autonomia privada e da ausência de prejuízo a terceiros; | (D) improcedente, em razão da modificação do nome civil ser qualificada como excepcional, tendo em vista a consideração à segurança de terceiros; | (E) improcedente, em virtude da proteção à estabilidade do vínculo conjugal e aos interesses do outro cônjuge, ao menos durante a constância da sociedade conjugal.";DIREITO CIVIL;Aspectos gerais do direito de família e das sucessões. Casamento. União estável. Repercussões previdenciárias. Relações de parentesco. Regime de bens entre os cônjuges e os companheiros. Bem de família. Tutela. Curatela. Sucessão em geral: sucessão legítima e testamentária.;1;0.53;groq;alta
TJAP22-14;Adalberto está sendo acusado de, ao conduzir seu veículo embriagado, ter atropelado e causado danos a Lucélia. Ele está sendo acionado na esfera criminal por conta das lesões que teria causado a ela. Sobre sua obrigação de indenizá-la na esfera cível pelos danos sofridos, é correto afirmar que:;"(A) ainda que condenado na esfera criminal, a quantificação do dever de indenizar depende de procedimento cível, tendo em vista a diversidade de requisitos entre o ilícito penal e o civil; | (B) a absolvição no âmbito penal impede que ele seja condenado no âmbito cível, se a sentença for fundada na inexistência do fato ou da autoria; | (C) a sentença penal absolutória fundada em excludente de ilicitude vincula o juízo cível, inviabilizando qualquer pretensão da vítima à indenização em face dele; | (D) absolvido na seara criminal por falta de provas do fato, da culpa ou da autoria, fica Adalberto liberado de responsabilidade civil; | (E) a sentença penal absolutória fundada em atipicidade do fato afasta a obrigação de indenizar na esfera cível, inviabilizando a investigação sobre ato ilícito nessa seara. Tribunal de Justiça do Estado do Amapá FGV Conhecimento Juiz de Direito Substituto  Tipo 1 - Branca – Página 6";DIREITO CIVIL;Responsabilidade civil. Elementos. Responsabilidade por fato de outrem. Responsabilidade por fato da coisa. Teorias subjetiva e objetiva da responsabilidade civil.;1;0.60;groq;alta
TJAP22-15;Cássia morreu intestada em 2019, deixando uma companheira, Ana, com quem vivia, de forma pública, contínua e duradoura, com objetivo de constituir família, há cerca de dez anos. Em um relacionamento anterior, durante sua juventude, Cássia teve três filhos: Roger, Alan e Juliana. Roger faleceu em 2008, deixando uma filha então recém-nascida, Ingrid, que é a única neta de Cássia. Alan, por não concordar com a orientação sexual assumida pela mãe, teve com ela uma discussão dura em 2017, com troca de grosserias e ofensas, e desde então não mais se falavam. Juliana abriu mão de sua parte na herança de Cássia em favor de sua sobrinha Ingrid. Sobre a sucessão de Cássia, é correto afirmar que:;"(A) a união homoafetiva com Cássia autoriza Ana a pretender a meação dos bens adquiridos onerosamente na sua constância, mas não lhe atribui direitos sucessórios; | (B) a parcela da herança que seria atribuída a Roger será dividida entre Alan e Juliana, em vista do direito de acrescer decorrente de serem herdeiros de mesma classe; | (C) Ingrid somente terá direitos sucessórios se, além de Juliana, também Alan renunciar à herança, pois os descendentes em grau mais próximo excluem os mais remotos; | (D) Alan somente será excluído da sucessão se caracterizada judicialmente a ocorrência de crime contra a honra de Cássia e declarada a indignidade por sentença; | (E) o ato de Juliana caracteriza renúncia à herança, de modo retroativo, produzindo efeitos como se ela jamais tivesse adquirido direito sobre o acervo hereditário. Direito Processual Civil";DIREITO CIVIL;Aspectos gerais do direito de família e das sucessões. Casamento. União estável. Repercussões previdenciárias. Relações de parentesco. Regime de bens entre os cônjuges e os companheiros. Bem de família. Tutela. Curatela. Sucessão em geral: sucessão legítima e testamentária.;1;0.54;groq;alta
TJAP22-16;Intentada determinada demanda, o réu, no curso da fase de instrução probatória, percebeu que os elementos carreados aos autos não respaldavam os seus argumentos defensivos e, também, que realmente assistia ao autor o direito afirmado na petição inicial. No intuito de evitar a prolação de uma sentença de mérito em seu desfavor, o demandado revogou o mandato outorgado ao seu único advogado. Percebendo o vício de representação processual, o juiz da causa determinou a intimação do réu para que o sanasse, sem que, todavia, este tivesse adotado qualquer providência. Nesse cenário, deve o juiz:;"(A) decretar a revelia do réu e determinar a abertura de vista dos autos ao curador especial para desempenhar a sua defesa; | (B) determinar a suspensão do processo, até que o vício de representação do réu seja regularizado; | (C) julgar extinto o feito, sem resolução do mérito, por ausência de pressuposto processual de validade; | (D) proferir sentença de mérito, acolhendo o pedido formulado pelo autor; | (E) ordenar a expedição de ofício à OAB, solicitando a disponibilização de advogado para exercer a defesa do réu.";DIREITO PROCESSUAL CIVIL;Petição inicial. Requisitos e controle de admissibilidade. Pedido. Resposta do réu (contestação, reconvenção, exceções). Providências preliminares e julgamento conforme o estado do processo.;1;0.69;groq;alta
TJAP22-17;Intentou-se demanda em face de incapaz, na qual a parte autora deduziu pretensão de cobrança de uma obrigação contratual. Validamente citado, o réu ofertou contestação, suscitando, entre outras matérias defensivas, a prescrição do direito de crédito. Atuando no feito como fiscal da ordem jurídica, o Ministério Público lançou a sua promoção final, opinando pelo reconhecimento da prescrição. Ao proferir a sentença, o juiz da causa, sem atentar para a arguição da prescrição na peça contestatória, tampouco para a opinativa ministerial, julgou procedente o pleito do autor. Tomando ciência do ato decisório, o órgão ministerial, sete dias depois de sua intimação pessoal, interpôs embargos de declaração, nos quais, alegando que o órgão julgador havia se omitido quanto ao tema, requereu a apreciação e o consequente reconhecimento do fenômeno prescricional. Ao tomar contato com os embargos declaratórios do Ministério Público, deve o juiz:;"(A) deixar de recebê-los, em razão da falta de legitimidade do recorrente; | (B) deixar de recebê-los, em razão da intempestividade da peça recursal; | (C) determinar a remessa dos autos ao órgão de segunda instância; | (D) recebê-los e acolher de imediato a pretensão recursal, para reconhecer a prescrição e rejeitar o pedido do autor; | (E) recebê-los e determinar a intimação da parte autora para apresentar, caso queira, a sua resposta ao recurso.";DIREITO PROCESSUAL CIVIL;Recursos em espécie (apelação, agravo de instrumento, embargos de declaração, agravo interno, recurso ordinário constitucional, recurso extraordinário, recurso especial);3;0.66;groq;alta
TJAP22-19;No que concerne ao processo de execução, é correto afirmar que:;"(A) efetivadas a expropriação do bem do devedor, a sua alienação e a satisfação do crédito exequendo, o juiz deve proferir despacho ordenando o arquivamento do feito; | (B) a homologação de eventual desistência da ação depende da concordância do executado, se este já tiver sido citado; | (C) ainda que disponha de um título executivo extrajudicial, o credor pode optar pela via da ação de conhecimento; | (D) a liquidez da obrigação constante do título executivo fica afastada se a apuração do crédito reclamar operações aritméticas simples; | (E) o credor pode cumular várias execuções em face do mesmo devedor, ainda que o procedimento seja distinto e desde que o juízo seja competente para processar ao menos uma delas.";DIREITO PROCESSUAL CIVIL;Execução de títulos extrajudiciais. Execução por quantia certa contra devedor solvente. Execução de obrigação de fazer, não-fazer e entrega de coisa. Execução fiscal. Execução contra a Fazenda Pública.;dir_proc_civ_017;0.74;embedding;media
TJAP22-20;Coexistem, em juízos cíveis de comarcas distintas, dois processos, ainda não sentenciados. Em um deles, o credor de uma obrigação contratual pleiteia a condenação do devedor a cumpri-la, ao passo que, no outro, o devedor persegue a declaração de nulidade do mesmo contrato. Nesse cenário, é correto afirmar que os feitos:;"(A) devem ser reunidos para julgamento conjunto pelo órgão judicial onde tiver ocorrido a primeira citação válida; | (B) devem ser reunidos para julgamento conjunto pelo órgão judicial onde tiver ocorrido a primeira distribuição; | (C) devem ser reunidos para julgamento conjunto pelo órgão judicial que tiver proferido o primeiro provimento liminar positivo; | (D) não devem ser reunidos, suspendendo-se o curso daquele que foi distribuído em segundo lugar, no aguardo do julgamento do primeiro; | (E) não devem ser reunidos, extinguindo-se aquele que foi distribuído em segundo lugar, em razão da litispendência.";DIREITO PROCESSUAL CIVIL;Competência. Critérios de determinação. Identificação de foro competente. Perpetuatio jurisdictionis. Conflitos de competência positivos, negativos e sobre a reunião ou separação de processos. Transferência e modificação de competências (conexão, continência, prevenção). Reunião de processos independentemente de conexão. Coordenação de competências.;3;0.62;groq;alta
TJAP22-21;André, domiciliado em Macapá, ajuizou ação de reintegração de posse de imóvel de sua propriedade, situado em Laranjal do Jari, em face de Paulo, domiciliado em Santana. Considerando que a demanda foi intentada perante juízo cível da Comarca de Macapá, o magistrado, tomando contato com a petição inicial, deve:;"(A) declinar, de ofício, da competência em favor do juízo cível da Comarca de Laranjal do Jari; | (B) declinar, de ofício, da competência em favor do juízo cível da Comarca de Santana; | (C) determinar a citação de Paulo, já reconhecendo que a competência é do juízo cível da Comarca de Macapá; | (D) determinar a citação de Paulo e, caso este suscite a incompetência, ordenar a remessa dos autos ao juízo cível da Comarca de Santana; | (E) reconhecer a incompetência do juízo cível da Comarca de Macapá e extinguir o feito, sem resolução do mérito.";DIREITO PROCESSUAL CIVIL;Competência. Critérios de determinação. Identificação de foro competente. Perpetuatio jurisdictionis. Conflitos de competência positivos, negativos e sobre a reunião ou separação de processos.;4;0.55;groq;alta
TJAP22-22;Menor, com 16 anos de idade, intentou, perante o Juizado Especial Cível, ação indenizatória em que pleiteava a condenação do réu a lhe pagar verba indenizatória correspondente a trinta vezes o salário mínimo. Validamente citada, a parte ré, sem prejuízo das suas matérias defensivas de natureza meritória, suscitou, preliminarmente, a incompetência do foro e a irregularidade da representação processual do autor, que outorgara instrumento de mandato ao seu advogado sem que estivesse assistido por seu pai ou sua mãe. Considerando que os vícios processuais arguidos efetivamente se configuraram, deve o juiz:;"(A) determinar a intimação do autor para regularizar a representação processual e, após, declinar da competência em favor do juizado situado no foro competente; | (B) determinar a intimação do autor para manifestar renúncia ao valor que exceda o patamar de vinte vezes o salário mínimo, de modo a dispensar a presença de advogado; | (C) proferir sentença em que julgue extinto o feito sem resolução do mérito; | (D) designar audiência de conciliação, instrução e julgamento para a colheita da prova oral; | (E) declinar da competência em favor do juizado situado no foro competente, ao qual caberá aferir a regularidade, ou não, da representação processual do autor.";DIREITO PROCESSUAL CIVIL;Participação dos sujeitos do processo. O juiz, sua atuação e poderes, impedimento e suspeição. Partes e terceiros no processo civil. Mecanismos de proteção aos litigantes vulneráveis.;2;0.60;groq;alta
TJAP22-23;Em um procedimento litigioso de separação judicial, em que as partes, não havendo nascituros ou filhos, após saneado o feito, manifestam ao juiz a pretensão de convolar o processo para divórcio consensual, é correto afirmar que:;"(A) não é possível a alteração objetiva da demanda, uma vez operado o saneamento do processo; | (B) não é possível a alteração objetiva da demanda, uma vez já estabilizada com a citação; | (C) é possível a alteração subjetiva da demanda, uma vez que não há impedimento temporal na lei; | (D) é possível a alteração da demanda, uma vez que as partes estão impedidas de obter escritura pública para o divórcio; | (E) é possível a alteração da demanda, uma vez que, no caso, o juiz não é obrigado a observar critério de legalidade estrita. Tribunal de Justiça do Estado do Amapá FGV Conhecimento Juiz de Direito Substituto  Tipo 1 - Branca – Página 8";DIREITO PROCESSUAL CIVIL;"Petição inicial. Requisitos e controle de admissibilidade. Pedido. Pedido (alteração, aditamento e cumulação); pedidos alternativo, sucessivo e subsidiário. Interpretação dos atos postulatórios. Audiência de conciliação ou mediação. Resposta do réu (contestação, reconvenção, exceções). Providências preliminares e julgamento conforme o estado do processo. Saneamento e organização do processo. Eficiência processual. Gestão do procedimento pelo juiz.";1;0.63;groq;alta
TJAP22-24;No curso do procedimento, o réu reconheceu a procedência do pedido de ressarcimento do dano material, que foi julgado procedente por meio de uma decisão interlocutória, que não foi objeto de recurso. Todavia, contestou o pedido de reparação de dano moral, uma vez que entendeu ser este inexistente. Após o regular prosseguimento do feito, sobreveio sentença, em que foi julgado procedente in totum o pedido de reparação do dano moral. Nesse cenário, pretendendo o réu recorrer dessa sentença, é correto afirmar que:;"(A) cabe apelação para rediscutir integralmente a lide, uma vez que a decisão interlocutória proferida no curso do processo não é coberta pela preclusão; | (B) cabe agravo de instrumento quanto à condenação em dano material e apelação quanto ao pedido de dano moral, que devem ser interpostos simultaneamente; | (C) há coisa julgada em relação ao pedido de ressarcimento de dano material, cabendo apenas apelação quanto à condenação em dano moral; | (D) o julgador incidiu em error in procedendo, uma vez que as questões de mérito devem ser decididas simultaneamente na sentença, que deve ser única; | (E) cabe agravo de instrumento quanto às duas manifestações judiciais, uma vez que este é a espécie recursal das decisões que versarem sobre o mérito do processo.";DIREITO PROCESSUAL CIVIL;Recursos em espécie (apelação, agravo de instrumento, embargos de declaração, agravo interno, recurso ordinário constitucional, recurso extraordinário, recurso especial). Prazos e procedimentos recursais, pressupostos específicos, modos de interposição, peculiaridades específicas. Ordem dos processos nos tribunais. Julgamento estendido em caso de divergência.;1;0.67;groq;alta
TJAP22-25;Em uma demanda entre particulares na qual se discute a metragem de um imóvel para fins de acertamento de um direito, as partes somente protestaram por provas orais. O juiz, de ofício, determinou a produção de prova pericial e documental, para exercer seu juízo de mérito sobre a causa. Nesse cenário, pode-se afirmar que o julgador agiu de forma:;"(A) correta, uma vez que cabe ao juiz, de ofício ou a requerimento da parte, determinar as provas necessárias ao julgamento do mérito; | (B) incorreta, uma vez que viola o princípio da inércia, já que cabe às partes a iniciativa da produção probatória de seus direitos; | (C) incorreta, uma vez que o julgamento deve ser feito de acordo com as provas produzidas nos autos, não se admitindo ao juiz determinar as provas; | (D) correta, pois só cabe ao julgador verificar a quem ele deve atribuir o ônus da prova, não sendo mais ônus do autor a prova do seu direito; | (E) incorreta, uma vez que cabe ao réu a prova de que a afirmativa do autor sobre a metragem do imóvel não representa a veracidade dos fatos.";DIREITO PROCESSUAL CIVIL;Fase instrutória: conceito e características. Provas: objeto, fonte e meios. Provas atípicas e convencionadas. Normas fundamentais do Direito probatório. Proibição de prova ilícita. Ônus da prova. Estândares probatórios. Provas em espécie e sua produção. Produção antecipada de prova. Audiência de instrução e julgamento.;2;0.55;groq;alta
TJAP22-26;Em uma demanda judicial proposta por um único autor em face de dois réus, em litisconsórcio passivo comum, apenas um deles ofereceu contestação, não obstante ter o revel constituído procurador distinto e de outro escritório de advocacia. Tratando-se de autos eletrônicos, e sabendo-se que o juízo julgou procedente o pedido, é correto afirmar que:;"(A) será contado em dobro o prazo para que qualquer um dos litisconsortes ofereça o recurso de apelação; | (B) não será admissível a apelação do réu revel, uma vez que a revelia gerou presunção de certeza do direito do autor; | (C) o prazo para o réu contestante oferecer o recurso de apelação não será contado em dobro; | (D) o prazo para o réu contestante recorrer será contado em dobro, e para o réu revel será contado de forma simples; | (E) o prazo para o autor recorrer será contado em dobro, caso entenda existir interesse recursal.";DIREITO PROCESSUAL CIVIL;Recursos em espécie (apelação, agravo de instrumento, embargos de declaração, agravo interno, recurso ordinário constitucional, recurso extraordinário, recurso especial). Prazos e procedimentos recursais, pressupostos específicos, modos de interposição, peculiaridades específicas. Ordem dos processos nos tribunais. Julgamento estendido em caso de divergência.;2;0.60;groq;alta
TJAP22-27;Rafael possui três notas promissórias vencidas, nas quais Victor figura como devedor. Não obstante se tratar de dívidas distintas, o credor resolve demandar, em um único processo, a execução autônoma desses títulos em face do referido devedor, uma vez que consubstanciam obrigações certas, líquidas e exigíveis. Ao receber essa inicial, percebendo que o juízo é competente para tais cobranças, e que todas buscam o mesmo tipo de obrigação, agirá corretamente o juiz se:;"(A) determinar que o credor emende a inicial, indicando qual título pretende demandar, devendo os outros virem por via própria, uma vez que essa cumulação é inadmissível na execução; | (B) admitir a cumulação objetiva dessas execuções, pois, pelo princípio da economia processual, permite-se que o credor se utilize de um mesmo processo para execução desses títulos; | (C) inadmitir a inicial, uma vez que há necessidade de prévio processo de conhecimento para obter o necessário título executivo judicial, com o qual poderia posteriormente demandar a execução; | (D) intimar o devedor, para que manifeste sua concordância com a cumulação de execuções pretendida, sob pena do indeferimento da inicial, em caso de recusa do devedor; | (E) julgar, desde logo, procedentes os pedidos, uma vez que os referidos títulos executivos extrajudiciais consubstanciam obrigações certas, líquidas e exigíveis. Tribunal de Justiça do Estado do Amapá FGV Conhecimento Juiz de Direito Substituto  Tipo 1 - Branca – Página 9";DIREITO PROCESSUAL CIVIL;Execução de títulos extrajudiciais. Execução por quantia certa contra devedor solvente. Execução de obrigação de fazer, não-fazer e entrega de coisa. Execução fiscal. Execução contra a Fazenda Pública.;1;0.64;groq;alta
TJAP22-28;Publicada sentença em que houve sucumbência recíproca, pois os pedidos de ressarcimento de dano material e reparação pelo dano moral foram parcialmente concedidos, ambas as partes apelaram de forma independente. O recurso da parte autora pretendia apenas a majoração da condenação fixada pelo juiz pelo dano material. Todavia, após ser surpreendido com o recurso da parte ré, que pretendia unicamente a redução da condenação fixada pelo dano moral, o autor interpõe, no prazo das contrarrazões, apelação pela via adesiva, buscando agora a integralidade também da verba pretendida a título de dano moral, que não fora objeto do recurso anterior. Nesse cenário, esse recurso adesivo:;"(A) deve ser admitido, pois a apelação interposta pela via independente foi parcial, não abrangendo a parte da sentença que se referia ao dano moral; | (B) não deve ser admitido, pois o recurso interposto pela via adesiva demandaria o prévio consentimento da parte contrária; | (C) deve ser admitido, uma vez que o autor foi intimado da apelação do réu após já ter interposto sua apelação pela via independente; | (D) não deve ser admitido, por não ser cabível em sede de recurso de apelação; | (E) não deve ser admitido, pois houve preclusão consumativa, uma vez que o recurso adesivo não serve para complementação de recurso já interposto.";DIREITO PROCESSUAL CIVIL;Recursos em espécie (apelação, agravo de instrumento, embargos de declaração, agravo interno, recurso ordinário constitucional, recurso extraordinário, recurso especial). Prazos e procedimentos recursais, pressupostos específicos, modos de interposição, peculiaridades específicas. Ordem dos processos nos tribunais. Julgamento estendido em caso de divergência.;2;0.58;groq;alta
TJAP22-29;João, pretendendo aviventar a linha divisória entre o terreno de sua propriedade e o de seu confinante José, uma vez que esta foi apagada por causa de uma enchente, propôs ação de demarcação de terras, cujo procedimento é bifásico, com o objetivo de restaurar a linha original entre os imóveis. Caso o julgador entenda que assiste razão ao requerente, agirá corretamente se prolatar:;"(A) sentença de procedência, sujeita ao recurso de apelação. Após, com o trânsito em julgado, se inicia a segunda fase do procedimento, que também se encerra com uma sentença; | (B) decisão interlocutória, sujeita ao recurso de agravo de instrumento. Após, se inicia a segunda fase do procedimento, que se encerra com a prolação de uma sentença; | (C) sentença de procedência, irrecorrível. Com o trânsito em julgado, se inicia a segunda fase do procedimento, que se encerra com o cumprimento da sentença originária; | (D) sentença homologatória de demarcação, em face da qual caberá apelação. Após, o procedimento segue com prolação de sentença executiva, que será levada a registro; | (E) decisão interlocutória, da qual não desafia agravo de instrumento. Após, segue a segunda fase do procedimento, que se encerra por sentença, da qual caberá apelação. Direito do Consumidor";DIREITO PROCESSUAL CIVIL;Recursos em espécie (apelação, agravo de instrumento, embargos de declaração, agravo interno, recurso ordinário constitucional, recurso extraordinário, recurso especial). Prazos e procedimentos recursais, pressupostos específicos, modos de interposição, peculiaridades específicas.;4;0.60;groq;alta
TJAP22-30;Romeu comprou uma churrasqueira inox com acendimento elétrico que incluía sistema de rotação automática e contínua dos espetos (modelo 150), conforme visto no mostruário. No dia seguinte, a mercadoria foi entregue e Romeu verificou se havia alguma avaria, testou o acendimento elétrico e guardou-a em seguida, uma vez que sua residência estava em obras. Quatro meses depois, realizou uma festa para inaugurar a casa reformada, momento em que atentou para o fato de que o produto foi entregue com configuração diferente (modelo 100), uma vez que não possuía o recurso de rotação automática dos espetos. Imediatamente, o consumidor entrou em contato com a loja, explicou o erro na entrega do produto e solicitou sua substituição ou o ressarcimento do valor pago, o que lhe foi negado. Romeu então propôs ação de obrigação de fazer. Nesse caso, à luz do Código de Defesa do Consumidor, é correto afirmar que se trata de:;"(A) vício de qualidade do produto, tendo havido a decadência, que deve ser alegada pela parte que se beneficia, sob pena de preclusão, não podendo ser conhecida de ofício; | (B) fato do produto, sendo de três anos o prazo prescricional para exercer a pretensão em juízo com o objetivo de ressarcimento do valor pago ou de efetuação da troca do produto; | (C) vício oculto que somente ficou evidenciado para o consumidor quatro meses após a aquisição, iniciando-se daí a contagem do prazo decadencial; | (D) vício de qualidade do produto, e ocorreu decadência, uma vez que a reclamação junto à fornecedora foi feita quatro meses após a aquisição e o recebimento do produto; | (E) inexistência de fato ou de vício de qualidade do produto, tendo havido erro no procedimento de entrega, afastando-se o fenômeno da decadência. Tribunal de Justiça do Estado do Amapá FGV Conhecimento Juiz de Direito Substituto  Tipo 1 - Branca – Página 10";DIREITO CIVIL;Direito do consumidor. Consumidor. Fornecedor. Direitos básicos do consumidor. Qualidade de produtos e serviços. Prevenção e reparação dos danos. Defesa do consumidor em juízo.;2;0.48;groq;alta
TJAP22-31;Vera ingressou com ação judicial buscando tutela reparatória por danos extrapatrimoniais em face da distribuidora de gêneros alimentícios derivados de aves. A consumidora alega ter adquirido produto lacrado, refrigerado e dentro do prazo de validade, mas, ao chegar em casa e abrir a embalagem no momento de servir aos seus familiares, verificou que o produto estava impróprio para o consumo e com odor fétido. Imediatamente, a consumidora retornou ao local de compra, que alegou se tratar de produto em promoção por estar com o prazo de validade perto do vencimento, conforme explicado aos compradores no anúncio, sendo sabido pela consumidora que isso não permitiria a troca. Diante desse caso, é correto afirmar que:;"(A) foi comercializado um produto impróprio para o consumo, o que gera, in re ipsa, a obrigação de reparação pelos danos extrapatrimoniais suportados pela consumidora; | (B) inexistiu acidente de consumo na medida em que o produto defeituoso não chegou a ser ingerido e, portanto, não acarretou risco à saúde da consumidora; | (C) o vício do produto se evidencia pelo acidente de consumo em potencial, sendo os familiares de Vera consumidores por equiparação; | (D) a informação prévia e clara prestada pelo fornecedor acerca da impossibilidade de troca do produto em promoção e a vantagem de abatimento no preço afastam a obrigação de troca ou devolução do valor pago; | (E) a responsabilidade pelo fato do produto gera danos extrapatrimoniais in re ipsa, ainda que o produto não tenha sido consumido por Vera e seus familiares, considerados consumidores por equiparação.";DIREITO CIVIL;Direito do consumidor. Consumidor. Fornecedor. Direitos básicos do consumidor. Qualidade de produtos e serviços. Prevenção e reparação dos danos. Defesa do consumidor em juízo.;1;0.52;groq;alta
TJAP22-32;Regina ingressou com ação judicial em face da montadora de automóveis (primeira ré) e da revendedora (segunda ré), alegando que sofreu prejuízo na compra de um veículo. A consumidora narra que, em outubro de 2020, adquiriu o veículo anunciado na mídia como sendo o lançamento do modelo na versão ano 2021, o que foi confirmado pelo vendedor que a atendeu na concessionária. No mês seguinte, a montadora lançou novamente aquele modelo denominando versão ano 2021, entretanto, contando com mais acessórios, o que impactou na desvalorização do carro de Regina. Diante dessa situação, é correto afirmar que:;"(A) há abusividade na prática comercial que induziu Regina a erro, ao frustrar sua legítima expectativa e quebrar a boa-fé objetiva; a responsabilidade solidária da montadora e da revendedora está caracterizada pelo vício decorrente da disparidade com indicações constantes na mensagem publicitária e informadas à consumidora; | (B) resta caracterizada a publicidade abusiva ao induzir a erro a consumidora no que dizia respeito às características, qualidade, bem como outros dados sobre o veículo; a segunda ré não possui legitimidade passiva, uma vez que é apenas a revendedora de automóveis, não tendo responsabilidade pela propaganda; | (C) o ato de não informar que seria lançada outra versão com acessórios diversos constitui omissão, o que não caracteriza propaganda enganosa que ocorre por ato comissivo; a responsabilidade pelo fato do produto decorrente da propaganda enganosa lançada nas concessionárias é da montadora; | (D) há prática comercial abusiva e propaganda enganosa, violando os deveres de informações claras, ostensivas, precisas e corretas, frustrando a legítima expectativa da consumidora e violando os deveres de boa-fé objetiva; a responsabilidade do comerciante é subsidiária em caso de produto que se tornou defeituoso em razão da qualidade inferior que impactou na diminuição do valor; | (E) inexistiu publicidade enganosa ou defeito na prestação do serviço, uma vez que não se considera defeituoso o produto pelo fato de outro de melhor qualidade ter sido colocado no mercado; a responsabilidade subsidiária da revendedora em relação à montadora está caracterizada pelo vício decorrente da disparidade com indicações constantes na mensagem publicitária. Tribunal de Justiça do Estado do Amapá FGV Conhecimento Juiz de Direito Substituto  Tipo 1 - Branca – Página 11";DIREITO CIVIL;Direito do consumidor. Consumidor. Fornecedor. Direitos básicos do consumidor. Qualidade de produtos e serviços. Prevenção e reparação dos danos. Defesa do consumidor em juízo.;3;0.50;groq;alta
TJAP22-33;Osmar ingressou com ação judicial em face da fabricante do telefone celular, alegando que houve problemas ainda no período de vigência da garantia legal. No momento da contestação, a parte ré apresentou o laudo realizado pela assistência técnica autorizada da fabricante, indicando que o problema apresentado no aparelho celular se relaciona ao mau uso, documento esse acompanhado por fotografia que demonstra marcas compatíveis com choque físico no bem, ao passo que Osmar requereu a inversão do ônus da prova. A respeito de tal situação, é correto afirmar que:;"(A) deve ser aplicada a inversão do ônus da prova em razão de a previsão ope legis ser direito básico do consumidor para a salvaguarda da facilitação da defesa de seus direitos; | (B) o laudo técnico confeccionado pela assistência técnica autorizada da ré não pode ser considerado imparcial e idôneo para ser utilizado, em detrimento das garantias asseguradas ao consumidor, devendo ser julgado procedente o pedido de Osmar se somente essa for a prova constituída nos autos; | (C) embora se trate de relação de consumo, com inversão do ônus da prova como um direito básico garantido ao consumidor, não está dispensado o dever da parte autora de fazer prova quanto ao fato constitutivo do seu direito; | (D) não pode ser afastada a responsabilidade da demandada por se tratar de garantia legal, que é obrigatória e inegociável, ainda que seja demonstrada a culpa exclusiva do consumidor, situação que somente excluiria responsabilidade em caso de fato do produto; | (E) deve ser julgado procedente o pedido de Osmar a partir de suas alegações, uma vez que a justificativa de suposto mau uso do produto por choque físico representa risco que razoavelmente se espera no manuseio de aparelhos celulares, não sendo capaz de afastar a garantia legal obrigatória.";DIREITO CIVIL;Direito do consumidor. Consumidor. Fornecedor. Direitos básicos do consumidor. Qualidade de produtos e serviços. Prevenção e reparação dos danos. Defesa do consumidor em juízo.;2;0.55;groq;alta
TJAP22-34;A consumidora Samantha propôs incidente de desconsideração de personalidade jurídica em face de determinada loja de bijuterias construída na forma de sociedade limitada. Narra a autora que, na fase de cumprimento de sentença que condenou a empresa a pagar indenização à consumidora, não logrou êxito em localizar bens para satisfazer a execução, embora diversas tenham sido as tentativas para tanto. Samantha alega ainda que, na fase cognitiva, a fornecedora foi declarada revel e sequer compareceu às audiências designadas pelo Juízo. A respeito disso, é correto afirmar que o pedido deve ser julgado:;"(A) improcedente, pois a revelia e a ausência de participação no processo judicial não sugerem abuso da personalidade jurídica, requisito para o deferimento do requerido; | (B) improcedente, pois, para a desconsideração requerida, deverá restar efetivada falência, estado de insolvência, encerramento ou inatividade da pessoa jurídica provocados por má administração; | (C) procedente, ainda que o Código de Defesa do Consumidor não preveja a desconsideração da personalidade jurídica, quando caracterizado abuso da personalidade jurídica evidenciado no caso pleiteado por Samantha; | (D) procedente, à luz da aplicação da teoria menor da desconsideração da personalidade jurídica, prevista no Código de Defesa do Consumidor; | (E) improcedente, pois, ainda que prevista no Código de Defesa do Consumidor, a desconsideração requerida não pode ser aplicada de forma a implicar a perda da finalidade de responsabilidade limitada das sociedades, exceto no uso fraudulento da personalidade jurídica. Direito da Criança e do Adolescente";DIREITO CIVIL;Pessoas jurídicas. Personalidade jurídica da pessoa jurídica. Desconsideração.;1;0.57;groq;alta
TJAP22-35;Jennifer dá à luz uma criança do sexo masculino e, após o parto, ela e o seu companheiro informam à assistente social do Hospital das Clínicas que desejam entregar a criança em adoção. Gisele, enfermeira, se oferece para adotar a criança e a leva para a sua casa, com a anuência de Jennifer, do genitor e da família extensa. O caso é noticiado pelo hospital ao Conselho Tutelar e ao Ministério Público, que propõe ação com pedido cautelar de busca e apreensão da criança. O magistrado indefere o pedido, entendendo que é cabível a adoção consensual nessa hipótese. Considerando o disposto na Lei nº 8.069/1990 (ECA), a decisão está:;"(A) correta, pois a entrega da criança a Gisele conta com a anuência dos pais e da família extensa, havendo previsão legal no ECA para a realização da adoção consensual nessa hipótese; | (B) incorreta, pois a criança não se encontra disponível para adoção, sendo necessária a propositura de ação de destituição familiar em face dos pais; | (C) correta, pois o consentimento dos pais afasta a necessidade de consulta de habilitados no Sistema Nacional de Adoção e Acolhimento (SNA); | (D) incorreta, pois a hipótese narrada não se enquadra nas exceções à adoção por pessoa não cadastrada previamente no Sistema Nacional de Adoção e Acolhimento (SNA); | (E) correta, pois o Sistema Nacional de Adoção e Acolhimento (SNA) é cadastro de habilitados à adoção, não havendo obrigatoriedade legal de observância da ordem cronológica para deferimento do pedido de adoção.";DIREITO CIVIL;Aspectos gerais do direito de família e das sucessões. Casamento. União estável. Repercussões previdenciárias. Relações de parentesco. Regime de bens entre os cônjuges e os companheiros. Bem de família. Tutela. Curatela. Sucessão em geral: sucessão legítima e testamentária.;1;0.53;groq;alta
TJAP22-36;Stephany, criança de 9 anos, aparece na escola com hematomas pelo corpo e corrimento vaginal e revela para sua professora do ensino fundamental, Carolina, que sofreu abuso sexual praticado pelo seu padrasto, Ernesto. Após conversar com a mãe e o padrasto, que desmentem a criança, Carolina relata os fatos à diretora da escola, Margarida, que se abstém de noticiar a violação de direitos ao órgão com atribuição. Considerando o disposto na Lei nº 8.069/1990 (ECA), é correto afirmar que a diretora:;"(A) praticou crime previsto no ECA e deveria ter noticiado o fato ao juiz da Infância e Juventude, conforme previsão legal; | (B) praticou infração administrativa prevista no ECA e deveria ter noticiado o fato ao Conselho Tutelar, conforme previsão legal; | (C) praticou crime previsto no ECA e deveria ter noticiado o fato ao promotor de justiça, conforme previsão legal; | (D) praticou infração administrativa prevista no ECA e deveria ter noticiado o fato ao Conselho Municipal de Direitos da Criança e do Adolescente, conforme previsão legal; | (E) não praticou crime ou infração administrativa previstos no ECA, na medida em que, após a apuração dos fatos, não restou comprovado o abuso. Tribunal de Justiça do Estado do Amapá FGV Conhecimento Juiz de Direito Substituto  Tipo 1 - Branca – Página 12";DIREITO PENAL;"Dos crimes em espécie. Dos crimes previstos na parte especial do Código Penal: dos crimes contra a pessoa; dos crimes contra o patrimônio; dos crimes contra a organização do trabalho; dos crimes contra a dignidade sexual; dos crimes contra a fé pública; dos crimes contra a administração pública e administração da justiça. Crimes previstos nas Leis ns. 7.716/89, 12.288/2010 e 13.869/ 2019.";1;0.47;groq;alta
TJAP22-37;Joseane, adolescente de 12 anos, é vítima de estupro praticado por seu padrasto, Francisco. Após análise do inquérito policial, o Ministério Público oferece denúncia em face de Francisco, requerendo, em sede de produção antecipada de prova, o depoimento especial da adolescente. Na data da audiência, a profissional especializada que participa do ato processual na sala de depoimento especial lê a denúncia para a adolescente, questionando-a sobre a veracidade dos fatos. Joseane informa à profissional especializada que se sente intimidada ao saber que o padrasto está presente na sala de audiências e, em virtude disso, permanece calada. O magistrado suspende o ato processual e Joseane manifesta o desejo de prestar depoimento diretamente ao juiz, sem a presença do réu na sala de audiências. Considerando os fatos narrados e o disposto na Lei nº 13.431/2017, é correto afirmar que:;"(A) o depoimento especial seguirá o rito cautelar de antecipação de prova somente nos casos de crianças com idade inferior a 7 anos, não sendo aplicável à adolescente Joseane; | (B) a leitura da denúncia e de outras peças processuais para a adolescente pode ser autorizada pelo magistrado, ouvido o Ministério Público; | (C) a profissional especializada deverá comunicar ao juiz que a presença do réu pode prejudicar o depoimento especial, sendo possível que o magistrado o afaste; | (D) é vedado pela Lei nº 13.431/2017 que a adolescente preste depoimento diretamente ao magistrado, se assim entender, razão pela qual o requerimento deve ser indeferido; | (E) a Lei nº 13.431/2017 não autoriza o afastamento do réu da sala de audiências em qualquer hipótese, em observância aos princípios do contraditório e da ampla defesa.";DIREITO PROCESSUAL CIVIL;Tutela provisória: conceito, função, espécies. Tutela cautelar e satisfativa (antecipada).;5;0.49;groq;alta
TJAP22-39;Wesley, adolescente de 16 anos, pratica ato infracional análogo a crime de roubo com emprego de arma de fogo. Concluída a instrução processual, o juiz da Vara da Infância e Juventude profere sentença aplicando a medida socioeducativa de internação, pelo prazo de seis meses. Decorridos três meses do início de cumprimento da medida, a Direção do programa de atendimento requer a substituição por semiliberdade, com fulcro na avaliação contida no plano individual de atendimento, que noticia o adequado cumprimento da medida de internação pelo adolescente. O promotor de justiça manifesta-se contrariamente ao pedido, entendendo que a gravidade do ato infracional e os antecedentes do adolescente impedem a substituição da medida, antes do prazo de reavaliação obrigatória, independentemente do parecer favorável no plano individualizado de atendimento. Considerando o disposto na Lei nº 12.594/2012, é correto afirmar que:;"(A) a reavaliação da manutenção, da substituição ou da suspensão das medidas de privação da liberdade somente pode ser solicitada após o decurso do prazo de seis meses; | (B) a gravidade do ato infracional e os antecedentes são fatores que, por si só, impedem a substituição da medida por outra menos grave; | (C) a Direção do programa de atendimento não poderá solicitar a reavaliação da medida a qualquer tempo, sendo legitimados o defensor, o Ministério Público, ou o adolescente e seus pais ou responsável; | (D) o desempenho adequado do adolescente com base no seu plano individual de atendimento não justifica a reavaliação da medida antes do prazo mínimo de seis meses; | (E) a autoridade judiciária poderá indeferir o pedido de reavaliação da manutenção, da substituição ou da suspensão das medidas, se entender insuficiente a motivação. Tribunal de Justiça do Estado do Amapá FGV Conhecimento Juiz de Direito Substituto  Tipo 1 - Branca – Página 13";DIREITO PENAL;Iter Criminis. Consumação e tentativa. Crime impossível. Desistência voluntária e arrependimento eficaz. Arrependimento posterior.;2;0.52;groq;alta
TJAP22-40;O promotor de justiça da Infância e Juventude de Macapá recebe denúncia anônima, através do serviço “Disque 100”, noticiando que Josenildo, dirigente da entidade de acolhimento institucional do município, tem se apropriado indevidamente de itens alimentícios encaminhados pela Prefeitura para as crianças e adolescentes em acolhimento. Após a confirmação da ocorrência dos fatos, o promotor de justiça ajuíza representação para apuração de irregularidade em entidade de atendimento não governamental, em conformidade com o rito procedimental previsto na Lei nº 8.069/1990 para essa hipótese. Após regular citação, o dirigente continua a se apropriar dos alimentos, levando-os para a sua casa, e deixando os acolhidos sem proteína em sua alimentação diária. Em virtude disso, o promotor de justiça requer o afastamento provisório do dirigente da entidade de acolhimento. Considerando o disposto na Lei nº 8.069/1990 (ECA), é correto afirmar que:;"(A) em virtude do princípio da celeridade processual, o ECA não prevê a realização de audiência de instrução e julgamento para o procedimento de apuração de irregularidades em entidades; | (B) caso defira o pedido de afastamento provisório do dirigente, o magistrado deverá nomear diretamente interventor para gerir a entidade, dentre as pessoas de conduta ilibada na comarca; | (C) não há previsão legal para afastamento provisório do dirigente da entidade, antes de concluída a instrução do procedimento; | (D) antes de aplicar qualquer das medidas, a autoridade judiciária poderá fixar prazo para a remoção das irregularidades verificadas; | (E) caso julgado procedente o pedido, será aplicável ao dirigente da entidade a pena privativa de liberdade, a ser fixada em consonância com a gravidade de sua conduta, conforme previsão do ECA. BLOCO II Direito Penal";DIREITO CONSTITUCIONAL;Acesso à justiça. Devido processo legal. Contraditório e ampla defesa. Isonomia. Princípios e garantias fundamentais dos processos civil, penal e administrativo.;4;0.51;groq;alta
TJAP22-41;Determinada investigação foi instaurada para apurar fraude, ocorrida em 02 de julho de 2020, em Macapá, na obtenção de auxílio emergencial concedido pelo Governo Federal, por meio da Caixa Econômica Federal, em decorrência da pandemia da Covid19. Jack declarou na investigação que realizou depósito em sua conta do “ComércioRemunerado”, no valor de R$ 600,00 e depois percebeu que aquela quantia foi transferida para Russel, sendo que não foi Jack quem realizou a operação financeira nem a autorizou. Russel assinalou que a aludida quantia foi realmente transferida para sua conta no “ComércioRemunerado” e foi declarada como pagamento de conserto de motocicleta, para enganar os órgãos competentes e conseguir a antecipação do auxílio emergencial. Disse que foi Fênix, proprietária de uma loja de manutenção de telefones celulares, quem lhe propôs a prática de tais condutas, acrescentando que seria um procedimento legal, e ainda ofereceu R$ 50,00 para cada antecipação passada em sua máquina do “ComércioRemunerado”, sendo que Jack praticou a conduta quatro vezes. Disse ainda que o dinheiro entrava em sua conta no “ComércioRemunerado” e era transferido para a conta de Fênix. O auxílio emergencial era disponibilizado pela União, por meio da Caixa Econômica Federal. O crime supostamente praticado nesse caso é o de:;"(A) estelionato; | (B) furto mediante fraude; | (C) apropriação indébita; | (D) apropriação indébita previdenciária; | (E) peculato.";DIREITO PENAL;Iter Criminis. Consumação e tentativa. Crime impossível. Desistência voluntária e arrependimento eficaz. Arrependimento posterior.;5;0.50;groq;alta
TJAP22-42;Sobre os delitos praticados durante a pandemia do coronavírus, no que concerne à dosimetria, é correto afirmar que a agravante prevista no Art. 61, inciso II, alínea “j”, do Código Penal (“em ocasião de incêndio, naufrágio, inundação ou qualquer calamidade pública, ou de desgraça particular do ofendido”):;"(A) incide durante todo o período em que for reconhecida a existência da pandemia, independentemente do nexo de causalidade; | (B) incide durante todo o período em que for reconhecida a existência da pandemia, dependendo do nexo de causalidade; | (C) incide enquanto for reconhecida a existência da pandemia, independentemente do nexo de causalidade; | (D) incide enquanto for reconhecida a existência da pandemia, dependendo do nexo de causalidade; | (E) não deve incidir, em razão da inconstitucionalidade das agravantes de perigo abstrato. Tribunal de Justiça do Estado do Amapá FGV Conhecimento Juiz de Direito Substituto  Tipo 1 - Branca – Página 14";DIREITO PENAL;"Dos crimes em espécie. Dos crimes previstos na parte especial do Código Penal: dos crimes contra a pessoa; dos crimes contra o patrimônio; dos crimes contra a organização do trabalho; dos crimes contra a dignidade sexual; dos crimes contra a fé pública; dos crimes contra a administração pública e administração da justiça.";1;0.54;groq;alta
TJAP22-43;Quando o Tribunal de Justiça, em julgamento de apelação criminal exclusiva da defesa, afasta uma circunstância judicial negativa do Art. 59 do Código Penal, reconhecida no édito condenatório de primeiro grau, deve:;"(A) manter a pena final inalterada; | (B) reduzir ao mínimo legal a pena-base; | (C) devolver ao primeiro grau para nova sentença; | (D) compensar o valor final nas demais fases; | (E) reduzir proporcionalmente a pena-base.";DIREITO PROCESSUAL PENAL;Julgamento de apelação criminal;nenhum;0.65;groq;baixa
TJAP22-44;A individualização da pena é submetida aos elementos de convicção judiciais acerca das circunstâncias do crime. A jurisprudência e a doutrina passaram a reconhecer, como regra, como critério ideal para individualização da reprimendabase o aumento:;"(A) na fração de 1/4 por cada circunstância; | (B) na fração de 1/6 por cada circunstância; | (C) na fração de 1/8 por cada circunstância; | (D) no quantum determinado de seis meses; | (E) no quantum determinado de oito meses.";DIREITO PENAL;Das penas. Teoria da pena. Cominação e aplicação das penas e dos substitutivos penais. Concurso de crimes e crime continuado. Concurso aparente de normas. Erro na execução e Resultado diverso do pretendido.;2;0.63;groq;alta
TJAP22-45;A prisão do agente em local conhecido por venda de drogas:;"(A) faz incidir causa de aumento de pena; | (B) faz incidir agravante genérica; | (C) faz incidir agravante específica; | (D) impõe a exasperação da pena-base; | (E) não afasta a possibilidade de aplicação de tráfico privilegiado.";DIREITO PENAL;"Dos crimes em espécie. Dos crimes previstos na parte especial do Código Penal: dos crimes contra a pessoa; dos crimes contra o patrimônio; dos crimes contra a organização do trabalho; dos crimes contra a dignidade sexual; dos crimes contra a fé pública; dos crimes contra a administração pública e administração da justiça. Crimes previstos nas Leis ns. 7.716/89, 12.288/2010 e 13.869/ 2019.";5;0.58;groq;alta
TJAP22-46;Sobre os institutos da desistência voluntária, do arrependimento eficaz e do arrependimento posterior, é correto afirmar que:;"(A) a não consumação, por circunstâncias alheias à vontade do agente, é compatível com a desistência voluntária; | (B) o reconhecimento da desistência voluntária dispensa o exame do iter criminis; | (C) as circunstâncias inerentes à vontade do agente são irrelevantes para a configuração da desistência voluntária; | (D) o arrependimento eficaz e a desistência voluntária somente são aplicáveis a delito que não tenha sido consumado; | (E) o reconhecimento da desistência voluntária dispensa o exame do elemento subjetivo da conduta.";DIREITO PENAL;Iter Criminis. Consumação e tentativa. Crime impossível. Desistência voluntária e arrependimento eficaz. Arrependimento posterior.;dir_pen_007;0.75;embedding;media
TJAP22-47;Quanto à valorização artificial de bens ou falsa especulação com ativos (reverse flips), no crime de lavagem de capitais, é correto afirmar que:;"(A) o lavador adquire o bem por valor bastante inferior ao valor de mercado, registrando no instrumento do negócio jurídico um valor nominal igual ao da aquisição, pagando a diferença informalmente; | (B) após a compra, o lavador deve realizar benfeitorias no bem, o revender a terceiro, registrando no instrumento do negócio jurídico valor fictício, atenuando o valor do tributo correspondente devido; | (C) o lavador adquire o bem por valor bastante superior ao valor de mercado, registrando no instrumento do negócio jurídico um valor nominal igual ao da aquisição, recebendo a diferença em relação ao valor real informalmente; | (D) após a compra, o lavador, realizando ou não benfeitorias no bem, o revende a terceiro, registrando no instrumento do negócio jurídico seu valor superior, visando regularizar o valor negociado informalmente; | (E) o lavador adquire o bem pelo seu valor de mercado, registrando no instrumento do negócio jurídico um valor nominal inferior ao da aquisição, pagando a diferença informalmente.";DIREITO CIVIL;Propriedade. Definição. Elementos. Classificação. Extensão da propriedade. Restrições à propriedade. Aquisição ou constituição da propriedade.;5;0.54;groq;alta
TJAP22-48;Sobre o chamado “direito penal transitório”, houve quebra do princípio da continuidade normativo-típica, com a consequente abolitio criminis por meio da revogação de um tipo penal no caso de:;"(A) apropriação indébita previdenciária; | (B) crimes contra a honra praticados por meio da imprensa; | (C) rapto violento ou mediante fraude; | (D) crimes contra a propriedade industrial; | (E) roubo majorado pelo emprego de arma branca. Tribunal de Justiça do Estado do Amapá FGV Conhecimento Juiz de Direito Substituto  Tipo 1 - Branca – Página 15";DIREITO PENAL;"A Norma Penal. Características, fontes, interpretação, vigência e aplicação. Lei penal no tempo e no espaço; do tempo e do lugar do crime. Limites da aplicação da lei penal em relação às pessoas.";5;0.67;groq;alta
TJAP22-49;Veículos autônomos são aqueles motorizados cujo movimento no trânsito é, de diversas formas, determinado por algoritmo préprogramado, e não por pessoa sentada ao volante. Por trás de uma máquina autônoma, há uma pessoa física que, de alguma forma, interferiu em seu funcionamento, normalmente pela programação e inserção de dados. Assim, em relação à imputação subjetiva do resultado, se reconhece a possibilidade de ocorrência de crime doloso ou culposo. Nas hipóteses de punibilidade culposa, é correto afirmar que:;"(A) quem introduz no mundo um agente inteligente, com capacidade de aprendizagem conforme as informações sejam inseridas, pode negar sua responsabilidade pelos danos causados por reações equivocadas não previsíveis; | (B) os robôs com inteligência artificial são agentes morais genuínos e sua programação interna funciona segundo um sistema de “méritos” e “deméritos” para certas decisões que eles tomam; | (C) os denominados “algoritmos de acidente”, aqueles que selecionam vítimas em casos de inevitável colisão no tráfego dos carros autônomos, geram responsabilidade penal pela morte decorrente de atropelamento; | (D) os robôs com inteligência artificial são máquinas que completam suas tarefas conforme sua programação, que equivale à autodeterminação humana sobre razões morais; | (E) a possibilidade de programar o veículo para escolher uma vida para sacrificar, com o intuito de salvar outras, quando o acidente for inevitável, atrai a incidência do estado de necessidade, excluindo a responsabilidade do programador. Direito Processual Penal";NOÇÕES GERAIS DE DIREITO E FORMAÇÃO HUMANÍSTICA;Direito Digital. 4a Revolução industrial. Tecnologia no contexto jurídico. Automação do processo. Inteligência Artificial e Direito.;3;0.56;groq;alta
TJAP22-50;Determinada investigação foi instaurada para apurar estelionato consistente em fraude, ocorrido em 02 de julho de 2020, em Macapá, na obtenção de auxílio emergencial concedido pelo Governo Federal, por meio da Caixa Econômica Federal, em decorrência da pandemia da Covid-19. Jack declarou na investigação que realizou depósito em sua conta do “ComércioRemunerado”, no valor de R$ 600,00 e depois percebeu que aquela quantia foi transferida para Russel, sendo que não foi Jack quem realizou a operação financeira nem a autorizou. Russel assinalou que a aludida quantia foi realmente transferida para sua conta no “ComércioRemunerado” e foi declarada como pagamento de conserto de motocicleta, para enganar os órgãos competentes e conseguir a antecipação do auxílio emergencial. Disse que foi Fênix, proprietária de uma loja de manutenção de telefones celulares, quem lhe propôs a prática de tais condutas, acrescentando que seria um procedimento legal, e ainda ofereceu R$ 50,00 para cada antecipação passada em sua máquina do “ComércioRemunerado”, sendo que Jack praticou a conduta quatro vezes. Disse ainda que o dinheiro entrava em sua conta no “ComércioRemunerado” e era transferido para a conta de Fênix. O auxílio emergencial era disponibilizado pela União, por meio da Caixa Econômica Federal. A competência para o processo e julgamento do presente caso é do(a):;"(A) Justiça Federal em primeiro grau; | (B) Justiça Federal em segundo grau; | (C) Justiça Estadual em primeiro grau; | (D) Justiça Estadual em segundo grau; | (E) Superior Tribunal de Justiça.";DIREITO PROCESSUAL CIVIL;Execução de títulos extrajudiciais. Execução por quantia certa contra devedor solvente. Execução de obrigação de fazer, não-fazer e entrega de coisa. Execução fiscal. Execução contra a Fazenda Pública.;4;0.52;groq;alta
TJAP22-51;A intimação de réu solto assistido pela Defensoria Pública ou patrocinado por advogado dativo, quanto à sentença penal condenatória, deve ocorrer:;"(A) por publicação no órgão da imprensa oficial; | (B) por meio eletrônico; | (C) pessoalmente; | (D) na pessoa do seu patrono; | (E) em audiência.";DIREITO PROCESSUAL PENAL;Nenhum dos tópicos listados;;0.61;groq;baixa
TJAP22-52;Nas hipóteses de colaboração premiada, a combinação das Leis nº 9.807/1999 e 11.343/2006, permite a concessão da seguinte sanção premial não originariamente prevista na Lei de Drogas:;"(A) diminuição de pena; | (B) progressão de regime; | (C) fixação de regime inicial mais benéfico; | (D) improcessabilidade; | (E) perdão judicial.";DIREITO PENAL;Das penas. Teoria da pena. Cominação e aplicação das penas e dos substitutivos penais. Concurso de crimes e crime continuado. Concurso aparente de normas. Erro na execução e Resultado diverso do pretendido.;1;0.59;groq;alta
TJAP22-53;O Superior Tribunal de Justiça tem entendido, quanto ao ingresso forçado em domicílio, que não é suficiente apenas a ocorrência de crime permanente, sendo necessárias fundadas razões de que um delito está sendo cometido, para assim justificar a entrada na residência do agente, ou, ainda, a autorização para que os policiais entrem no domicílio. Segundo a nova orientação jurisprudencial, a comprovação dessa autorização, com prova da voluntariedade do consentimento, constitui:;"(A) interesse processual do acusado; | (B) interesse processual da acusação; | (C) faculdade da acusação; | (D) faculdade do acusado; | (E) ônus da acusação.";DIREITO PROCESSUAL CIVIL;Provas: objeto, fonte e meios. Provas atípicas e convencionadas. Normas fundamentais do Direito probatório. Proibição de prova ilícita. Ônus da prova.;4;0.59;groq;alta
TJAP22-54;Em relação ao procedimento dos crimes dolosos contra a vida, é correto afirmar que é:;"(A) inadmissível a pronúncia do réu, sem qualquer lastro probatório produzido em juízo, fundamentada exclusivamente em elementos informativos colhidos na fase inquisitorial; | (B) admissível a pronúncia do réu, sem qualquer lastro probatório produzido em juízo, fundamentada exclusivamente em elementos informativos colhidos na fase inquisitorial; | (C) inadmissível a pronúncia do réu, com lastro probatório produzido em juízo, fundamentada supletivamente em elementos informativos colhidos na fase inquisitorial; | (D) admissível a pronúncia do réu, sem qualquer lastro probatório produzido em juízo, desde que haja pedido de produção de provas em plenário; | (E) inadmissível a pronúncia do réu, com lastro probatório produzido em juízo, sem que haja a reprodução perante o Conselho de Sentença. Tribunal de Justiça do Estado do Amapá FGV Conhecimento Juiz de Direito Substituto  Tipo 1 - Branca – Página 16";DIREITO PROCESSUAL PENAL;Procedimento dos crimes dolosos contra a vida;2;0.66;groq;alta
TJAP22-55;No que tange à oitiva das testemunhas arroladas pela acusação em audiência de instrução e julgamento, na forma do Art. 212 do Código de Processo Penal, é correto afirmar que:;"(A) a nulidade pela alteração da ordem de inquirição deve indicar o prejuízo gerado; | (B) é possível ao juiz formular perguntas de forma detalhada, após as partes; | (C) a ordem de inquirição pode ser alterada no caso de ausência momentânea de uma das partes; | (D) havendo atuação comedida, o juiz pode iniciar a inquirição da testemunha; | (E) o juiz pode intervir, a qualquer momento, diante de ilegalidade na condução do depoimento.";DIREITO PROCESSUAL PENAL;Fase instrutória: conceito e características. Provas: objeto, fonte e meios. Provas atípicas e convencionadas. Normas fundamentais do Direito probatório. Proibição de prova ilícita. Ônus da prova. Estândares probatórios. Provas em espécie e sua produção. Produção antecipada de prova. Audiência de instrução e julgamento.;3;0.62;groq;alta
TJAP22-56;Na hipótese de agente que tem contra si condenação definitiva a cinco anos de reclusão em regime fechado e mandado de prisão pendente de cumprimento, o pedido de antecipação da expedição da sua guia de recolhimento ou expedição de carta de execução de sentença deve ser:;"(A) deferido, visando possibilitar a análise de pedido de progressão de regime ou de prisão domiciliar pelo Juízo competente; | (B) indeferido, pois a expedição tem como pressuposto o cumprimento do mandado de prisão; | (C) indeferido, pois a expedição tem como pressuposto o início do cumprimento da pena privativa de liberdade; | (D) indeferido, por permitir a administração, à distância, da execução da própria pena; | (E) deferido, permitindo o cômputo de prazos aquisitivos de benefícios executórios a seu favor.";DIREITO PROCESSUAL PENAL;Execução Penal;não listado explicitamente;0.60;groq;media
TJAP22-57;Nos processos envolvendo pluralidade de réus ou de fatos imputados, o juízo progressivo de admissibilidade da imputação pode resultar no acolhimento parcial da pretensão acusatória, comportando uma única demanda múltiplos resultados: recebimento da denúncia em relação à parte dos réus ou dos fatos, rejeição da denúncia em relação à parte dos réus ou dos fatos e/ou absolvição sumária em relação à parte dos réus ou dos fatos. No caso de absolvição sumária parcial, seja em relação a um crime, seja em relação a um acusado, com base no Art. 397, inciso III, do Código de Processo Penal, será cabível:;"(A) apelação, com interposição em primeiro grau e apresentação das razões diretamente no tribunal; | (B) recurso em sentido estrito, com interposição em primeiro grau e apresentação das razões diretamente no tribunal; | (C) apelação, com a formação de instrumento por meio da extração de traslado dos autos; | (D) recurso em sentido estrito, com a formação de instrumento por meio da extração de traslado dos autos; | (E) correição parcial, com reprodução integral dos autos para instruir o recurso.";DIREITO PROCESSUAL CIVIL;"Petição inicial. Requisitos e controle de admissibilidade. Pedido. Pedido (alteração, aditamento e cumulação); pedidos alternativo, sucessivo e subsidiário. Interpretação dos atos postulatórios. Audiência de conciliação ou mediação. Resposta do réu (contestação, reconvenção, exceções). Providências preliminares e julgamento conforme o estado do processo. Saneamento e organização do processo. Eficiência processual. Gestão do procedimento pelo juiz.";dir_proc_civ_007;0.73;embedding;media
TJAP22-58;À luz do princípio da obrigatoriedade da ação penal pública, o Ministério Público tem o poder-dever de oferecer a denúncia, quando reunidos os requisitos e condições que determinem autoria, coautoria ou participação e existência de uma infração penal. Essa obrigatoriedade persiste mesmo com o exercício da ação penal. Assim, abre-se ao titular da ação penal pública um poder-dever de aditar a denúncia quando reunidos elementos de prova ou de informação que indiquem uma divergência com a proposição inicial. No que concerne ao aditamento da denúncia, é correto afirmar que:;"(A) o recebimento do aditamento da denúncia, que traz modificação fática substancial, enseja a interrupção da prescrição; | (B) o recebimento do aditamento da denúncia, para inclusão de corréu, constitui causa interruptiva da prescrição para os demais imputados; | (C) o recebimento da denúncia, na sua versão original, pode ser considerado termo inicial para efeito de contagem prescricional relativamente aos imputados incluídos posteriormente por aditamento; | (D) admite-se o aditamento da denúncia a qualquer tempo, enquanto não transitado em julgado o processo, desde que observados o contraditório e a ampla defesa; | (E) constitui requisito para o oferecimento de aditamento da denúncia a existência de novas provas, desde que até o final da instrução probatória. Direito Constitucional";DIREITO PROCESSUAL PENAL;Ação Penal Pública;3;0.67;groq;alta
TJAP22-59;"Ao disciplinar o procedimento a ser observado no julgamento das contas do chefe do Poder Executivo, o Regimento Interno da Câmara dos Vereadores do Município Alfa, situado na Região Norte do país, dispôs o seguinte: (1) a Câmara somente julga as contas de governo, não as de gestão, prevalecendo, em relação às últimas, o juízo de valor do Tribunal de Contas do respectivo Estado; (2) as contas não impugnadas por qualquer vereador, partido político ou cidadão, no prazo de sessenta dias, a contar do recebimento do parecer prévio do Tribunal de Contas, são tidas como aprovadas; (3) o parecer prévio do Tribunal de Contas somente deixará de prevalecer pelo voto da maioria de dois terços dos membros da Câmara Municipal. Considerando a disciplina estabelecida na Constituição da República de 1988 a respeito da matéria, é correto afirmar que:";"(A) apenas o comando 1 é constitucional; | (B) apenas o comando 3 é constitucional; | (C) apenas os comandos 1 e 2 são constitucionais; | (D) os comandos 1, 2 e 3 são constitucionais; | (E) os comandos 1, 2 e 3 são inconstitucionais. Tribunal de Justiça do Estado do Amapá FGV Conhecimento Juiz de Direito Substituto  Tipo 1 - Branca – Página 17";DIREITO CONSTITUCIONAL;Poder Legislativo. Congresso Nacional: estrutura, organização, atribuições e competências. Câmara dos Deputados e Senado Federal. Processo Legislativo. Iniciativa das leis. Fiscalização Contábil, Financeira e Orçamentária. Tribunal de Contas da União: natureza e atribuições.;2;0.61;groq;alta
TJAP22-60;Maria, servidora ocupante de cargo em comissão no Município Delta, adotou João Pedro, de 11 anos de idade. Ato contínuo, consultou o regime jurídico único dos servidores públicos municipais e constatou que a licença parental básica, reconhecida aos servidores adotantes, era de noventa dias, período reduzido para trinta dias quando o adotado tivesse mais de 10 anos de idade, isso sem qualquer consideração em relação a possíveis períodos de prorrogação. No entanto, somente faziam jus a essa licença os servidores ocupantes de cargos de provimento efetivo, não aqueles livremente demissíveis pela autoridade competente. À luz da sistemática constitucional, o regime jurídico único dos servidores públicos do Município Delta:;"(A) é inconstitucional na parte que restringe a fruição da licença aos ocupantes de cargos de provimento efetivo e estabelece períodos de fruição inferiores ao da licença gestante; | (B) é inconstitucional apenas na parte em que estabelece o período de fruição de trinta dias quando o adotado tiver mais de 10 anos de idade; | (C) não apresenta qualquer vício de inconstitucionalidade em relação aos servidores que podem fruir a licença e aos respectivos períodos de fruição; | (D) é inconstitucional apenas na parte que restringe a fruição da licença aos servidores ocupantes de cargos de provimento efetivo; | (E) é inconstitucional apenas na parte em que estabelece períodos de fruição inferiores ao da licença gestante.";DIREITO ADMINISTRATIVO;Agentes públicos. Agente público: a teoria do órgão. Disciplina constitucional. Espécies. Agentes políticos: identificação. Militares: identificação. Servidores públicos: identificação. Empregados públicos: identificação. Agentes contratados por tempo determinado. Normas constitucionais comuns a todas as espécies de agentes. Cargos públicos e modalidades de provimento. Concurso público de provimento de cargo público. Princípios e regras constitucionais quanto ao concurso público. Regime disciplinar: princípios e regras constitucionais. Responsabilidade civil, criminal e administrativa do agente público. Aspectos constitucionais do regime de previdência do servidor público.;4;0.52;groq;alta
TJAP22-61;Um grupo de deputados da Assembleia Legislativa do Estado Beta apresentou projeto de lei dispondo sobre a obrigatoriedade de instalação de duas câmeras de segurança em cada unidade escolar mantida pelo Estado. O projeto foi aprovado no âmbito da Casa legislativa e sancionado pelo governador do Estado, daí resultando a promulgação da Lei estadual nº XX. À luz dos aspectos do processo legislativo descrito na narrativa e da sistemática constitucional, a Lei estadual nº XX:;"(A) apresenta vício ao dispor sobre o funcionamento dos órgãos da rede educacional estadual, matéria de iniciativa privativa do chefe do Poder Executivo, vício não convalidado pela sanção; | (B) ao acarretar aumento de despesa, sem indicação da respectiva fonte de custeio, apresenta vício de inconstitucionalidade material; | (C) ao acarretar aumento de despesa, apresenta vício de iniciativa, o qual foi convalidado pela posterior sanção do chefe do Poder Executivo; | (D) não apresenta vício de iniciativa, pois a criação de atribuições e de obrigações, para o Poder Executivo, configura atividade regular do Legislativo; | (E) não apresenta vício de iniciativa, pois, embora tenha criado obrigação para o Poder Executivo, não instituiu nova atribuição para os seus órgãos.";DIREITO CONSTITUCIONAL;Poder Legislativo. Congresso Nacional: estrutura, organização, atribuições e competências. Câmara dos Deputados e Senado Federal. Processo Legislativo. Iniciativa das leis.;3;0.53;groq;alta
TJAP22-62;Joana e sua família contrataram com a companhia aérea ZZ o serviço de transporte aéreo internacional do Brasil para a Espanha, com passagens de ida e volta. Ao desembarcarem no destino, juntamente com os demais passageiros, constataram que sua bagagem tinha se extraviado. Assim que retornaram ao Brasil, Joana e sua família ajuizaram ação de reparação de danos em face da companhia aérea ZZ, com base no Código de Defesa do Consumidor (CDC). Em sua defesa, a companhia argumentou com a existência de convenção internacional (CI), devidamente ratificada pelo Estado brasileiro antes da promulgação da Constituição da República de 1988, cuja aplicação resultaria na fixação de indenização em patamares sensivelmente inferiores. Acresça-se que a sede da multinacional está situada em país que igualmente ratificou a convenção. À luz da sistemática constitucional, o juiz de direito, ao julgar a causa, deve aplicar, nas circunstâncias indicadas:;"(A) o CDC, que somente não prevaleceria sobre a CI caso fosse mais favorável ao consumidor, o que não é o caso; | (B) a CI, que, por expressa previsão constitucional, sempre prevalece sobre as normas infraconstitucionais afetas à temática; | (C) o CDC, que tem a natureza de lei ordinária e foi editado em momento posterior à CI, afastando a sua eficácia no território brasileiro; | (D) o CDC, pois a proteção do consumidor consubstancia direito fundamental, insuscetível de ser restringido por CI; | (E) a CI, desde que a sua recepção pela Constituição da República de 1988 tenha sido reconhecida em cada Casa do Congresso Nacional, em dois turnos, pelo voto de três quintos dos seus membros.";DIREITO CIVIL;Direito do consumidor. Consumidor. Fornecedor. Direitos básicos do consumidor. Qualidade de produtos e serviços. Prevenção e reparação dos danos. Defesa do consumidor em juízo.;1;0.51;groq;alta
TJAP22-63;A instituição de assistência social ZZ, sem fins lucrativos, adquiriu, junto à sociedade empresária XX, diversos equipamentos que seriam integrados ao seu ativo permanente, visando ao pleno desenvolvimento de suas atividades regulares. Para surpresa dos seus diretores, constatou-se que, na nota fiscal emitida por XX, constava o imposto sobre circulação de mercadorias e sobre prestação de serviços de transporte interestadual e intermunicipal e comunicação (ICMS) devido pela operação de venda, na qual ZZ figurava como adquirente. Nas circunstâncias indicadas, a incidência do ICMS é:;"(A) incorreta, pois a imunidade tributária subjetiva de ZZ incide nas hipóteses em que figure como contribuinte de direito e de fato; | (B) incorreta, desde que ZZ demonstre que arcou com o ônus financeiro do respectivo tributo, por se tratar de imposto indireto; | (C) correta, pois a imunidade tributária subjetiva de ZZ somente incide quando figure como contribuinte de direito, não de fato; | (D) incorreta, desde que ZZ demonstre que o montante correspondente à desoneração tributária será aplicado em sua atividade fim; | (E) correta, pois a imunidade tributária subjetiva de ZZ não é aplicada em se tratando de impostos que incidam sobre a circulação de riquezas. Tribunal de Justiça do Estado do Amapá FGV Conhecimento Juiz de Direito Substituto  Tipo 1 - Branca – Página 18";DIREITO CONSTITUCIONAL;Imunidade tributária, isenção e não incidência;3;0.52;groq;alta
